relative_path	bytes	sha256
COMMANDS.md	351	9f6d20fe1fbab5b3fd190b7ee4eda0c9c5c5176aa57e375fcdcc8ebcb41c8c43
EXPORT_COMPLETENESS_PATCH.md	505	68e5efb41f10caebacba990b1c15fe817138d9ac5181b236b0b383e239d5b810
GUARDRAILS.md	97	964f092f2491e8f391072945e171f56e5eec12d743877a799e0981039f180d9a
README.md	275	5a90b100165aba71f92016300d7bbfbb6bab07653f1df3607ea46b35a8444886
SCHEMA.sql	2412	a58980aa527d19d53709e8f7521244c1f479642f57c904c5bbf90b987bc4299f
SPEC.md	154	d23423f2db8f6618d5ae3d5364a60f3fe89b8a9392685e72ffdb04fb23c88598
TRANSITION_TABLE_HARDENING.md	600	893afc89891e40f7e83da0e2e2a9c61ecd1f1f47e4123f6a44a671e3899eea5e
data/vectorfl_ops_phase_0_5.sqlite	49152	5515df980a5eb1cf6234f89f17d9f687d0ef4e1f1dbfa798b9e47499dcd2e0c3
exports/guardrail_probe_negative_results.md	1090	5b72504f92d477711c92c03d310cdf29b4b5459417a93d141c46b12f2ff0b08b
exports/pipeline_export_completeness_index.md	2951	2c45c13de0da0e5e9a2740619b247492529f8f973b88cf4788fa5dd91d78eb24
exports/pipeline_living_trace_ledger_export.md	1040	88b36fc2848d916ae3da7d4af78453dfa9d35e28bb182ee24ef3833b1db58c55
exports/pipeline_residue_reconciliation_export.md	2053	1cef700ec2211a6506136a1b4860fb5a0826a2cd753eac50032809e9bbbd3624
exports/pipeline_transition_table_hardening_export.md	1747	f8de949da07edaa5da52446742148e05f709cdadb1cf7e1255e72e849f17199d
exports/pipeline_user_decision_surface_export.md	1076	45ec9e3029af63e2f8904f73cd09c9408582878a0ff41243785c6c2ec447b4ba
exports/run_001_light_meeting_summary_recovery.md	1154	01fc321ca316950b88f4f0dc09d21ab651b2d7724d3474a27af6a384ebbb32b7
exports/run_002_standard_shorts_script_recovery.md	1179	bcfc113f08adb97921ed33dcea3579b44c5123967a55558a42a248971af3a2f7
exports/run_003_deep_repo_feature_recovery.md	1142	598461686557de11e00822ebab8319cb325064d3036f6dc00c6b4f1d84976611
exports/run_004_blocked_authority_request_recovery.md	1032	095d5ab112dcde99b8209ccb22902ade25e450b43831c5bee00081078bd29fce
exports/structured/request_001_Run_001_LIGHT_meeting_summary_structured_export.json	2991	a5ac679f22f0088ddbde059fab295a8e14901cf42192758a17b9e30423b6ef54
exports/structured/request_001_Run_001_LIGHT_meeting_summary_structured_export.md	2738	bdba5743bd47b62350988c6afca2e3cc168a8ce172585a3be6cfb1fe9055f609
exports/structured/request_002_Run_002_STANDARD_shorts_script_structured_export.json	3015	c19f9a1d746975f6b85e553eda0a675b13967e37026739061bca2877433d8e69
exports/structured/request_002_Run_002_STANDARD_shorts_script_structured_export.md	2762	45228b2bb0ee375e917a78db9819a42b4451790206855bb58bc8e246415174e1
exports/structured/request_003_Run_003_DEEP_repo_feature_structured_export.json	3034	233dcda8c71934c6136a8dbc7eda2371af0a207572374f5d2715948b31ecdb00
exports/structured/request_003_Run_003_DEEP_repo_feature_structured_export.md	2781	1b81161da2b843bb587841950bdbc4332c42a90bd8458dca89dbc54cce4fbce1
exports/structured/request_004_Run_004_BLOCKED_authority_request_structured_export.json	2342	ea317c3521d20285162ba6d52129866b13cb03181b448ed3b5a460268acf6f1d
exports/structured/request_004_Run_004_BLOCKED_authority_request_structured_export.md	2289	c7a10d9bd1785ec8b78460f8b6bfd39867504ce32442f95bdff80a4f3d8a7afe
exports/structured/request_005_Probe_G1_direct_transition_structured_export.json	1021	8d09fed862e7c5712128f5e6fa1b801a47c92ebc7b85f9cee5009e408bc3e61f
exports/structured/request_005_Probe_G1_direct_transition_structured_export.md	1436	2c91c1359bfc6751b89880a78ce719e6d001f9fbc8ff5a1cef00bdad5294e68b
exports/structured/request_006_Probe_G6_close_without_receipt_structured_export.json	1053	002b46c6c16e966cbcabe47b833c3ae8ed00a13b42a1805d0b5e75268a38d332
exports/structured/request_006_Probe_G6_close_without_receipt_structured_export.md	1468	70090bca42be9b88fc8ba02da10bab9808be9df787376877b39c1673d187c3d9
exports/structured/request_007_Probe_G8_close_without_review_structured_export.json	1230	79629480278abda2a2841a043ee96db058de963c2cae0f03da934e1c18b5637e
exports/structured/request_007_Probe_G8_close_without_review_structured_export.md	1601	80a41c90fe8c773b1cf1728d77d87c6f0a3d926b50ea8846dc809a15eebc6bc9
postmortems/phase_0_5_local_loop_postmortem.md	629	2534f86e565dd0a4dfa1e5638759fc658f044193696c18092586592a74275fab
probes/guardrail_probe_runner.py	5120	657cd5be0526a255a2f12fe6ce4b0ce494adca801b049617d018d6f9ba4eca6b
receipts/guardrail_probe_receipt.md	1074	ef60fe34a205bd75624fd490d219a200652812d253c1d798bbaa4daed742316a
receipts/implementation_receipt.md	1256	75a6ecd421fb999b2daec879121047af6862ecee06c407aec0e4a1025a921616
receipts/pipeline_export_completeness_patch_receipt.md	2959	f96600124efa82441f62ed813265d735074da0cfd85bd6519857673b340e252d
receipts/pipeline_living_trace_ledger_receipt.md	1041	99fd42b880c16e4baf84f7b4161dbef3d7e42ef00896d220664f78dc00f0bce6
receipts/pipeline_residue_reconciliation_receipt.md	2054	2dc916bfcefd83f881e2635912729d37e01f68f990b60bb4a05ad5f03633f2fb
receipts/pipeline_transition_table_hardening_receipt.md	1748	8d40517092ec13aaad57e8ff2c71587c9c2346d8ebc4d422f3be7cc555a309dd
receipts/pipeline_user_decision_surface_receipt.md	1077	f429ba70440e3dabf861ebe084b9f3de22a7e7d80916d235e1350b073e01201c
receipts/sample_suite_receipt.md	1413	8b203e3648f5964998c0c8ee8602dbd80ba8d159b2edde3bb4857860e7238976
tests/transition_table_validator.py	8100	349f914fbd3a0d25dbdf037970eb81935b8cae50e0f54ebe04803799f72764ad
tools/structured_export.py	7171	e630e3ab8725cab079cf80d168f3daa00685852f2e7fdfe1d4e2e32c6a74c0b0
vectorfl_ops_cli.py	19903	ae575b58b5efee92b7a4ae1f20d8d2629f71fafb600b6c56381becbe3a5f4861
